run_id,task_id,status,score,cost_usd,tokens_in,tokens_out,cache_hit,cache_miss,turns,max_turns,wall_sec,llm_wall_sec_db,llm_wall_sec_recompute,bash_total_sec,qe_bash_db,qe_self_db,qe_wall_real,qe_derived,harness_residual,n_turns_seen,n_with_llm_wall,n_out_files,gpu_util_p50,gpu_util_p95,gpu_util_max,mem_util_p95,mem_used_p95_mib,power_p95_w,temp_max,throttle_count,n_gpu_samples,bottleneck
2026-05-10T06-44-26Z_M1_T1_Ag_vc_relax,M1_T1_Ag_vc_relax,done,1.0,0.020059853587115664,341878,11451,321792,20086,20,100,486.67,412.38060840871185,412.38060840871185,73.66,72.19,70.05,68.1,72.81939159128817,4.719391591288172,20,20,2,0.0,58.0,61.0,1.0,1927.0,144.14,31.0,0,192,underutilized
2026-05-10T06-44-26Z_M1_T1_Al2O3_corundum_vc_relax,M1_T1_Al2O3_corundum_vc_relax,done,1.0,0.020160146412884335,395859,12500,378112,17747,24,100,521.09,449.18613333720714,449.18613333720714,71.26,65.48,31.18,30.8,66.12386666279289,35.323866662792895,24,24,1,0.0,57.0,61.0,1.0,1927.0,143.7,31.0,0,206,underutilized
2026-05-10T06-44-26Z_M1_T1_AlAs_vc_relax,M1_T1_AlAs_vc_relax,done,1.0,0.021571800878477307,375587,14596,358656,16931,24,100,559.61,512.5281880320981,512.5281880320981,46.46,45.03,18.36,18.0,45.6518119679019,27.6518119679019,24,24,1,0.0,53.0,61.0,1.0,1927.0,142.58,31.0,0,222,underutilized
2026-05-10T06-44-26Z_M1_T1_AlN_vc_relax,M1_T1_AlN_vc_relax,done,1.0,0.017451625183016104,267047,11562,252544,14503,20,100,436.05,413.473626870662,413.473626870662,21.86,20.6,16.3,15.9,21.31637312933804,5.416373129338039,20,20,1,0.0,59.0,61.0,1.0,1927.0,144.4,31.0,0,172,underutilized
2026-05-10T06-51-42Z_M1_T1_AlP_vc_relax,M1_T1_AlP_vc_relax,done,1.0,0.011556222547584188,203629,6223,191360,12269,17,100,257.22,232.72241556178778,232.72241556178778,23.859999999999996,20.849999999999998,16.84,16.5,21.487584438212245,4.987584438212245,17,17,1,0.0,35.0,50.0,0.0,1733.0,127.21,30.0,0,102,underutilized
2026-05-10T06-52-34Z_M1_T1_AlSb_vc_relax,M1_T1_AlSb_vc_relax,done,1.0,0.014685856515373352,250086,8580,235776,14310,18,100,402.3,316.5363089106977,316.5363089106977,85.13,84.28,81.19,79.8,84.91369108930232,5.113691089302321,18,18,1,0.0,47.0,54.0,0.0,1771.0,135.18,30.0,0,160,underutilized
2026-05-10T06-53-08Z_M1_T1_Al_vc_relax,M1_T1_Al_vc_relax,done,1.0,0.012452913616398243,183723,7169,171136,12587,15,100,317.35,257.94544010516256,257.94544010516256,58.76,55.82,51.83,49.7,56.464559894837464,6.764559894837461,15,15,1,0.0,47.0,54.0,0.0,1787.0,135.24,30.0,0,126,underutilized
2026-05-10T06-53-47Z_M1_T1_Au_vc_relax,M1_T1_Au_vc_relax,done,1.0,0.016192122986822842,327553,8943,311168,16385,23,100,381.44,331.90060967672616,331.90060967672616,48.93,0.35000000000000003,23.25,22.7,0.959390323273837,-21.740609676726162,23,23,1,0.0,47.0,54.0,0.0,1771.0,135.18,30.0,0,152,underutilized
2026-05-10T06-56-01Z_M1_T1_Be_vc_relax,M1_T1_Be_vc_relax,done,1.0,0.013196281112737922,150001,7169,135424,14577,12,100,297.61,261.33606055378914,261.33606055378914,35.690000000000005,34.269999999999996,32.72,31.5,34.853939446210866,3.353939446210866,12,12,1,0.0,45.0,54.0,0.0,1769.0,136.16,30.0,0,120,underutilized
2026-05-10T06-58-27Z_M1_T1_C_diamond_vc_relax,M1_T1_C_diamond_vc_relax,done,1.0,0.014666295754026355,274102,7466,257792,16310,19,100,297.92,279.898853844963,279.898853844963,17.4,13.7,5.24,5.1,14.321146155037003,9.221146155037003,19,19,1,0.0,45.0,54.0,0.0,1741.0,128.57,30.0,0,120,underutilized
2026-05-10T06-59-18Z_M1_T1_CaO_vc_relax,M1_T1_CaO_vc_relax,done,1.0,0.014997598828696924,265820,8430,250624,15196,17,100,331.0,313.978894257918,313.978894257918,16.4,13.209999999999999,12.14,11.9,13.831105742082,1.931105742082,17,17,1,0.0,43.0,54.0,0.0,1835.0,129.68,29.0,0,132,underutilized
2026-05-10T07-00-10Z_M1_T1_Ca_vc_relax,M1_T1_Ca_vc_relax,done,1.0,0.0128904831625183,273556,7685,261760,11796,23,100,325.25,285.0930750807747,285.0930750807747,39.53,38.46,35.25,34.5,39.086924919225275,4.586924919225275,23,23,1,0.0,54.0,60.0,0.0,1835.0,134.32,32.0,0,130,underutilized
2026-05-10T07-01-00Z_M1_T1_CdS_vc_relax,M1_T1_CdS_vc_relax,done,1.0,0.020804128843338213,404273,12961,386048,18225,25,100,525.23,476.60997836012393,476.60997836012393,47.96,47.13,43.14,42.6,47.79002163987609,5.190021639876086,25,25,1,0.0,96.0,98.0,6.0,5073.0,162.44,32.0,0,210,compute
2026-05-10T07-03-25Z_M1_T1_CdSe_vc_relax,M1_T1_CdSe_vc_relax,done,1.0,0.017460204978038067,312858,11070,297728,15130,22,100,440.64,400.3203081795946,400.3203081795946,39.65,36.61,32.88,32.1,37.27969182040541,5.179691820405409,22,22,2,0.0,98.0,99.0,7.0,5097.0,163.63,32.0,0,176,compute
2026-05-10T07-04-50Z_M1_T1_CdTe_vc_relax,M1_T1_CdTe_vc_relax,done,1.0,0.018149399707174232,401374,10500,384256,17118,28,100,883.24,388.2896910952404,388.2896910952404,494.30999999999995,493.89,120.78,118.8,494.53030890475964,375.7303089047596,28,28,1,35.0,98.0,99.0,14.0,5333.0,185.47,32.0,0,352,compute
2026-05-10T07-05-36Z_M1_T1_Cd_vc_relax,M1_T1_Cd_vc_relax,failed,,0.11257250366032209,6491795,65799,6420608,71187,100,100,11147.42,2360.863439038396,2360.863439038396,8785.6,1108.49,1717.1099999999994,1582.0,1109.4465609616036,-472.5534390383964,100,100,33,45.0,94.0,99.0,17.0,13259.0,196.1,36.0,0,4454,compute
2026-05-10T07-09-46Z_M1_T1_CsCl_vc_relax,M1_T1_CsCl_vc_relax,done,1.0,0.01308904831625183,272597,6550,258048,14549,23,100,282.94,244.24008613917977,244.24008613917977,38.06,37.34,31.06,29.9,37.97991386082023,8.079913860820234,23,23,1,38.0,98.0,99.0,11.0,5333.0,180.0,32.0,0,114,compute
2026-05-10T07-10-48Z_M1_T1_Cu_vc_relax,M1_T1_Cu_vc_relax,done,1.0,0.024359648609077595,645948,14917,625536,20412,31,100,3508.27,540.2279244381934,540.2279244381934,2967.37,2961.98,1157.99,9389.7,2962.6520755618067,-6427.047924438193,31,31,4,42.0,96.0,99.0,16.0,7314.0,189.4,33.0,0,1402,compute
2026-05-10T07-14-30Z_M1_T1_GaAs_vc_relax,M1_T1_GaAs_vc_relax,done,1.0,0.016302284040995606,306701,10736,293504,13197,22,100,483.3,387.4483181349933,387.4483181349933,95.2,91.95,85.28,83.0,92.6016818650067,9.601681865006697,22,22,2,38.0,64.0,76.0,17.0,5333.0,195.05,33.0,0,194,compute
2026-05-10T07-19-35Z_M1_T1_GaN_vc_relax,M1_T1_GaN_vc_relax,done,1.0,0.01623891654465593,321105,8920,304512,16593,22,100,397.44,324.3670012578368,324.3670012578368,72.42,71.36,66.38,65.3,72.01299874216318,6.71299874216318,22,22,1,37.0,67.0,74.0,18.0,5013.0,198.68,33.0,0,158,compute
2026-05-10T07-22-35Z_M1_T1_GaP_vc_relax,M1_T1_GaP_vc_relax,done,1.0,0.019851273792093702,372231,12348,354688,17543,20,100,556.5,429.25654108729213,429.25654108729213,126.60000000000001,125.53999999999999,61.91,60.1,126.18345891270785,66.08345891270785,20,20,1,37.0,72.0,99.0,18.0,5105.0,194.34,32.0,0,222,compute
2026-05-10T07-26-13Z_M1_T1_GaSb_vc_relax,M1_T1_GaSb_vc_relax,done,1.0,0.018064099560761347,384999,11736,370432,14567,27,100,496.42,423.36584538873285,423.36584538873285,72.41,71.7,64.76,64.0,72.34415461126717,8.344154611267172,27,27,1,36.0,72.0,99.0,18.0,5085.0,190.72,32.0,0,200,compute
2026-05-10T07-31-52Z_M1_T1_Ga_vc_relax,M1_T1_Ga_vc_relax,done,1.0,0.050665095168374814,2621767,28690,2585344,36423,82,100,6835.08,1089.412455148995,1089.412455148995,5744.85,5743.59,1902.53,1899.7,5744.407544851005,3844.707544851005,82,82,2,48.0,97.0,99.0,16.0,12027.0,193.12,36.0,0,2730,compute
2026-05-10T07-34-31Z_M1_T1_Ge_vc_relax,M1_T1_Ge_vc_relax,done,1.0,0.12574825768667644,667791,7137,399104,268687,13,100,439.9,265.2383836982772,265.2383836982772,174.04,174.01999999999998,171.87,168.9,174.6416163017228,5.741616301722786,13,13,1,51.0,98.0,99.0,12.0,5873.0,182.28,32.0,0,176,compute
2026-05-10T07-41-52Z_M1_T1_InP_vc_relax,M1_T1_InP_vc_relax,done,1.0,0.01850471449487555,319224,10980,301568,17656,20,100,543.94,388.47522848472,388.47522848472,154.83,154.12,149.17000000000002,147.0,154.75477151528005,7.754771515280055,20,20,2,51.0,98.0,99.0,23.0,6967.0,198.87,33.0,0,216,compute
2026-05-10T07-50-57Z_M1_T1_InSb_vc_relax,M1_T1_InSb_vc_relax,done,1.0,0.02963543191800878,766566,19828,744960,21606,35,100,1597.64,710.9676073696464,710.9676073696464,885.99,884.5,473.0,466.4,885.1823926303537,418.7823926303537,35,35,1,51.0,87.0,99.0,8.0,9220.0,159.94,32.0,0,638,compute
2026-05-10T08-09-17Z_M1_T1_KBr_vc_relax,M1_T1_KBr_vc_relax,done,1.0,0.04640424597364568,1728139,26514,1689600,38539,58,100,3834.09,977.6583476318046,977.6583476318046,2855.690000000001,2839.6699999999996,150.05,1009.1999999999999,2840.411652368194,1831.2116523681943,58,58,2,48.0,98.0,99.0,14.0,13269.0,188.05,36.0,0,1532,compute
2026-05-10T08-17-36Z_M1_T1_KCl_vc_relax,M1_T1_KCl_vc_relax,done,1.0,0.017328667642752562,294880,8041,273792,21088,17,100,598.0,297.87047165911645,297.87047165911645,299.49999999999994,298.45,294.28,291.6,299.0795283408836,7.479528340883576,17,17,1,65.0,87.0,98.0,8.0,9568.0,154.8,32.0,0,238,compute
2026-05-10T08-27-35Z_M1_T1_KF_vc_relax,M1_T1_KF_vc_relax,done,1.0,0.020191976573938508,373394,8029,346368,27026,19,100,553.71,292.2554847113788,292.2554847113788,260.83,259.62,256.66,254.5,260.24451528862124,5.744515288621244,19,19,1,55.0,98.0,99.0,6.0,13273.0,146.82,32.0,0,220,compute
2026-05-10T08-36-50Z_M1_T1_LiAlO2_vc_relax,M1_T1_LiAlO2_vc_relax,done,1.0,0.011344392386530015,176943,6695,165888,11055,19,100,791.74,243.82488313596696,243.82488313596696,547.3,531.65,523.35,521.0,532.2651168640331,11.265116864033075,19,19,1,51.0,90.0,99.0,5.0,13293.0,150.62,32.0,0,318,compute
2026-05-10T08-50-02Z_M1_T1_LiBr_vc_relax,M1_T1_LiBr_vc_relax,done,1.0,0.008942869692532942,113899,5527,105472,8427,13,100,282.08,195.89814085979015,195.89814085979015,85.56,85.16000000000001,82.65,81.2,85.78185914020985,4.581859140209843,13,13,1,65.0,98.0,99.0,13.0,9061.0,186.32,32.0,0,112,compute
2026-05-10T08-54-46Z_M1_T1_LiCl_vc_relax,M1_T1_LiCl_vc_relax,done,1.0,0.01721882869692533,250465,9116,231424,19041,19,100,547.55,325.23525638785213,325.23525638785213,221.69999999999996,220.3,98.99000000000001,97.4,220.91474361214787,123.51474361214787,19,19,1,54.0,99.0,99.0,19.0,11911.0,187.98,33.0,0,220,compute
2026-05-10T09-03-55Z_M1_T1_LiF_vc_relax,M1_T1_LiF_vc_relax,done,1.0,0.012734202049780381,204509,6997,191104,13405,17,100,326.09,249.66278542485088,249.66278542485088,75.8,74.73,72.22,71.1,75.3572145751491,4.257214575149106,17,17,1,48.0,98.0,99.0,38.0,9899.0,249.98,36.0,0,130,compute
2026-05-10T09-09-22Z_M1_T1_Li_vc_relax,M1_T1_Li_vc_relax,done,1.0,0.013180029282576868,230122,7074,216064,14058,18,100,858.39,254.73631536960602,254.73631536960602,603.0,601.38,599.47,584.7,602.033684630394,17.33368463039392,18,18,1,48.0,67.0,78.0,25.0,9881.0,214.75,35.0,0,344,compute
2026-05-10T09-13-12Z_M1_T1_MgO_vc_relax,M1_T1_MgO_vc_relax,done,1.0,0.021248872620790626,531601,13143,513792,17809,29,100,1045.64,468.70921043492854,468.70921043492854,576.22,575.24,305.53999999999996,296.0,575.9507895650715,279.95078956507155,29,29,5,43.0,62.0,76.0,22.0,9881.0,214.32,34.0,0,418,compute
2026-05-10T09-23-42Z_M1_T1_Mg_vc_relax,M1_T1_Mg_vc_relax,done,1.0,0.012069780380673498,185291,6647,172544,12747,16,100,333.62,239.37459770124406,239.37459770124406,93.60000000000001,90.4,89.12,88.2,91.04540229875595,2.8454022987559426,16,16,1,33.0,62.0,76.0,31.0,4919.0,233.11,34.0,0,134,compute
2026-05-10T09-25-49Z_M1_T1_NaBr_vc_relax,M1_T1_NaBr_vc_relax,done,1.0,0.01524770131771596,275637,7995,259072,16565,21,100,448.62,294.0050823567435,294.0050823567435,153.94,152.63,48.74,48.1,153.3049176432565,105.2049176432565,21,21,1,33.0,98.0,99.0,10.0,5941.0,162.18,32.0,0,180,compute
2026-05-10T09-29-16Z_M1_T1_NaCl_vc_relax,M1_T1_NaCl_vc_relax,done,1.0,0.017793909224011716,317038,10058,299136,17902,19,100,504.33,359.7461433811113,359.7461433811113,143.96999999999997,140.48999999999998,,138.6,141.10385661888867,2.503856618888676,19,19,1,23.0,98.0,99.0,5.0,5941.0,162.46,32.0,0,202,compute
2026-05-10T09-30-40Z_M1_T1_NaF_vc_relax,M1_T1_NaF_vc_relax,done,1.0,0.01444840409956076,193831,9210,180864,12967,18,100,386.33,336.03233589977026,336.03233589977026,49.67000000000001,43.78,38.78,38.4,44.40766410022972,6.007664100229718,18,18,1,23.0,99.0,99.0,4.0,5941.0,162.46,32.0,0,156,compute
2026-05-10T09-33-19Z_M1_T1_Na_vc_relax,M1_T1_Na_vc_relax,done,1.0,0.020476486090775986,517302,13257,501376,15926,31,100,2652.48,491.1940040709451,491.1940040709451,2160.6499999999996,2159.92,355.06,351.0,2160.5559959290554,1809.5559959290554,31,31,1,48.0,65.0,99.0,19.0,17872.0,203.23,35.0,0,1060,compute
2026-05-10T09-37-08Z_M1_T1_P_black_vc_relax,M1_T1_P_black_vc_relax,done,1.0,0.01807265007320644,319941,9495,300288,19653,20,100,2282.7,342.7912954194471,342.7912954194471,1939.26,1938.5,1034.04,1903.6000000000001,1939.1487045805527,35.54870458055257,20,20,3,49.0,64.0,93.0,19.0,17872.0,204.79,35.0,0,912,compute
2026-05-10T09-37-42Z_M1_T1_Pb_vc_relax,M1_T1_Pb_vc_relax,done,1.0,0.010633001464128844,177959,6710,168576,9383,18,100,2322.12,241.7086629215628,241.7086629215628,2079.76,2078.8900000000003,710.15,693.7,2079.541337078437,1385.8413370784372,18,18,1,49.0,64.0,93.0,19.0,17872.0,203.8,35.0,0,928,compute
2026-05-10T10-11-25Z_M1_T1_Pd_vc_relax,M1_T1_Pd_vc_relax,done,1.0,0.008439443631039531,105239,5349,97536,7703,13,100,544.0,185.87890228629112,185.87890228629112,357.48999999999995,356.7,,347.7,357.3310977137089,9.631097713708925,13,13,1,39.0,83.0,98.0,13.0,11794.0,183.94,32.0,0,218,compute
2026-05-10T10-15-12Z_M1_T1_Pt_vc_relax,M1_T1_Pt_vc_relax,done,1.0,0.010932240117130307,154062,5925,142208,11854,13,100,304.52,202.52427861467004,202.52427861467004,101.36,100.27000000000001,98.63,96.7,100.90572138532995,4.2057213853299515,13,13,1,32.0,90.0,98.0,11.0,9919.0,187.4,32.0,0,122,compute
2026-05-10T10-16-25Z_M1_T1_RbCl_vc_relax,M1_T1_RbCl_vc_relax,done,1.0,0.015899443631039532,266080,9517,251008,15072,19,100,352.94,327.02160160336643,327.02160160336643,25.3,24.57,20.87,20.4,25.188398396633563,4.788398396633564,19,19,1,31.0,60.0,98.0,0.0,1977.0,141.2,32.0,0,140,compute
2026-05-10T10-17-32Z_M1_T1_Rb_vc_relax,M1_T1_Rb_vc_relax,done,1.0,0.01687879941434846,256369,12314,244608,11761,20,100,1340.55,424.14780968707055,424.14780968707055,915.7800000000001,911.74,1065.5,1060.4,912.3621903129293,-148.03780968707076,20,20,1,48.0,98.0,99.0,2.0,5112.0,141.2,32.0,0,536,compute
2026-05-10T10-20-18Z_M1_T1_SiO2_alpha_quartz_vc_relax,M1_T1_SiO2_alpha_quartz_vc_relax,done,1.0,0.013799062957540263,204984,6385,187904,17080,15,100,1027.31,222.50012772809714,222.50012772809714,804.1899999999999,803.52,799.86,797.6,804.1398722719028,6.539872271902823,15,15,1,55.0,98.0,99.0,2.0,5260.0,140.64,32.0,0,410,compute
2026-05-10T10-20-31Z_M1_T1_Si_vc_relax,M1_T1_Si_vc_relax,done,1.0,0.01942445095168375,392205,9745,370560,21645,21,100,760.21,342.4508453505114,342.4508453505114,417.12,413.9,189.64,185.7,414.53915464948864,228.83915464948865,21,21,1,57.0,98.0,99.0,1.0,5298.0,139.6,32.0,0,304,compute
2026-05-10T10-22-19Z_M1_T1_Sn_alpha_vc_relax,M1_T1_Sn_alpha_vc_relax,done,1.0,0.021736017569546122,465787,12396,444800,20987,24,100,666.33,437.2164696250111,437.2164696250111,228.46999999999997,225.23999999999998,220.32999999999998,216.4,225.88353037498896,9.483530374988959,24,24,2,60.0,98.0,99.0,1.0,5298.0,139.81,32.0,0,268,compute
2026-05-10T10-33-12Z_M1_T1_SrO_vc_relax,M1_T1_SrO_vc_relax,done,1.0,0.014396486090775987,249610,7727,234240,15370,16,100,363.71,277.7008464075625,277.7008464075625,85.38999999999999,84.35,37.05,36.3,84.9691535924375,48.669153592437496,16,16,1,39.0,98.0,99.0,3.0,4181.0,145.35,32.0,0,146,compute
2026-05-10T10-33-26Z_M1_T1_Sr_vc_relax,M1_T1_Sr_vc_relax,done,1.0,0.01060272327964861,189937,6462,180224,9713,21,100,405.55,234.58051302284002,234.58051302284002,170.36,167.04999999999998,161.91,160.7,167.65948697715996,6.959486977159969,21,21,1,26.0,98.0,99.0,3.0,4181.0,145.25,32.0,0,162,compute
2026-05-10T10-37-27Z_M1_T1_ZnO_vc_relax,M1_T1_ZnO_vc_relax,done,1.0,0.0313893411420205,794652,17365,764288,30364,31,100,760.87,611.1227270355448,611.1227270355448,149.10999999999999,148.45999999999998,134.68,132.39999999999998,149.0972729644552,16.69727296445521,31,31,4,0.0,99.0,99.0,0.0,3719.0,138.35,32.0,0,304,compute
2026-05-10T10-39-17Z_M1_T1_ZnS_vc_relax,M1_T1_ZnS_vc_relax,done,1.0,0.015959707174231334,272048,8696,255232,16816,19,100,601.92,306.51470612734556,306.51470612734556,294.7699999999999,291.97999999999996,,278.8,292.61529387265443,13.815293872654422,19,19,1,0.0,99.0,99.0,0.0,3719.0,136.03,31.0,0,240,compute
2026-05-10T10-39-54Z_M1_T1_ZnSe_vc_relax,M1_T1_ZnSe_vc_relax,done,1.0,0.013082606149341142,167373,8064,155008,12365,12,100,319.48,282.354829730466,282.354829730466,36.53,35.419999999999995,32.79,32.4,36.015170269534,3.615170269534005,12,12,1,0.0,99.0,99.0,0.0,3599.0,134.7,30.0,0,128,compute
2026-05-10T10-40-12Z_M1_T1_ZnTe_vc_relax,M1_T1_ZnTe_vc_relax,done,1.0,0.014522928257686677,220648,8897,207104,13544,20,100,684.44,315.912203444168,315.912203444168,367.88,367.09999999999997,,65.1,367.74779655583205,302.64779655583203,20,20,1,0.0,99.0,99.0,0.0,3599.0,136.4,32.0,0,274,compute
2026-05-10T10-45-15Z_M1_T2_Al2O3_corundum_bands_dos,M1_T2_Al2O3_corundum_bands_dos,done,0.75,0.037611859443631046,1682495,23778,1658240,24255,61,100,8297.94,862.1765562491491,862.1765562491491,7435.04,105.59,124.60999999999999,287.3,106.31344375085155,-180.98655624914863,61,61,7,0.0,53.0,99.0,0.0,1719.0,133.41,32.0,0,3314,underutilized
2026-05-10T10-49-19Z_M1_T2_AlAs_bands_dos,M1_T2_AlAs_bands_dos,done,0.798287,0.027112064421669104,854329,19849,839296,15033,45,100,1443.05,707.8935454441234,707.8935454441234,734.46,3.69,170.41,160.70000000000002,4.386454555876526,-156.31354544412352,45,45,5,0.0,55.0,69.0,0.0,1719.0,139.46,32.0,0,576,underutilized
2026-05-10T10-50-08Z_M1_T2_AlN_bands_dos,M1_T2_AlN_bands_dos,failed,,0.09747027818448024,5511266,59318,5453440,57826,100,100,3239.85,2113.851718463935,2113.851718463935,1125.1000000000004,61.04,99.71,73.0,61.93828153606455,-11.061718463935449,100,100,9,0.0,54.0,67.0,0.0,1711.0,134.77,30.0,0,1294,underutilized
2026-05-10T10-51-38Z_M1_T2_AlP_bands_dos,M1_T2_AlP_bands_dos,done,0.45,0.033720702781844795,720906,23318,696576,24330,32,100,908.02,802.6485862517729,802.6485862517729,104.66000000000001,101.33000000000001,93.22999999999999,79.89999999999999,102.04141374822704,22.141413748227052,32,32,5,0.0,56.0,64.0,0.0,1719.0,140.21,30.0,0,362,underutilized
2026-05-10T11-06-47Z_M1_T2_AlSb_bands_dos,M1_T2_AlSb_bands_dos,done,0.883499,0.0366192093704246,961034,26442,938368,22666,40,100,1838.47,905.8176877889782,905.8176877889782,931.95,930.09,34.81,26.5,930.7923122110218,904.2923122110218,40,40,5,0.0,49.0,67.0,0.0,1641.0,127.9,30.0,0,734,underutilized
2026-05-10T11-13-23Z_M1_T2_Al_bands_dos,M1_T2_Al_bands_dos,done,0.65,0.0408315373352855,1059173,23167,1021056,38117,35,100,1006.47,814.0506254751235,814.0506254751235,191.71999999999994,188.04,163.38,110.1,188.73937452487655,78.63937452487656,35,35,5,0.0,50.0,67.0,0.0,1641.0,128.03,30.0,0,402,underutilized
2026-05-10T11-30-11Z_M1_T2_BN_hex_bands_dos,M1_T2_BN_hex_bands_dos,done,0.168494,0.03666518301610541,1168496,24310,1143168,25328,49,100,2081.51,866.9026989415288,866.9026989415288,1213.8799999999999,1201.98,146.82999999999998,46.4,1202.7073010584716,1156.3073010584715,49,49,5,0.0,0.0,72.0,0.0,1385.0,121.42,31.0,0,832,underutilized
2026-05-10T11-37-26Z_M1_T2_C_diamond_bands_dos,M1_T2_C_diamond_bands_dos,done,0.86467,0.04902928257686676,2449514,28988,2416000,33514,72,100,5289.38,1054.3285852102563,1054.3285852102563,4234.290000000001,31.619999999999997,16.51,12.1,32.38141478974285,20.281414789742485,72,72,4,0.0,0.0,99.0,0.0,1451.0,121.34,32.0,0,2112,underutilized
2026-05-10T11-44-09Z_M1_T2_CaO_bands_dos,M1_T2_CaO_bands_dos,done,0.710719,0.05093218155197657,2270614,32322,2237952,32662,65,100,5177.69,1189.5947268009186,1189.5947268009186,3987.34,3976.6900000000005,244.19,191.1,3977.4452731990814,3786.3452731990815,65,65,5,0.0,0.0,99.0,0.0,1385.0,119.56,32.0,0,2068,underutilized
2026-05-10T12-04-54Z_M1_T2_Ca_bands_dos,M1_T2_Ca_bands_dos,done,0.40195,0.031143660322108347,951878,20979,930688,21190,40,100,4402.36,753.2230741819367,753.2230741819367,3648.44,3646.4500000000003,80.95,46.5,3647.146925818063,3600.646925818063,40,40,5,0.0,1.0,99.0,0.0,1759.0,124.39,32.0,0,1758,underutilized
2026-05-10T13-03-34Z_M1_T2_CdS_bands_dos,M1_T2_CdS_bands_dos,done,0.75,0.03881639824304539,1106322,23193,1073280,33042,39,100,1053.53,799.5274362387136,799.5274362387136,253.35999999999999,250.98,122.3,118.5,251.62256376128641,133.12256376128641,39,39,5,0.0,55.0,99.0,0.0,1995.0,139.36,31.0,0,422,underutilized
2026-05-10T13-05-37Z_M1_T2_CdSe_bands_dos,M1_T2_CdSe_bands_dos,done,0.75,0.05388966325036603,1843134,39227,1814016,29118,51,100,1733.9,1356.652315937914,1356.652315937914,376.53,373.28000000000003,334.38,322.3,373.9976840620862,51.69768406208618,51,51,5,0.0,99.0,99.0,0.0,3691.0,138.09,31.0,0,692,compute
2026-05-10T13-10-28Z_M1_T2_CdTe_bands_dos,M1_T2_CdTe_bands_dos,done,0.8,0.046190688140556366,1536404,21036,1485696,50708,41,100,829.57,741.2737853387371,741.2737853387371,87.62,84.99,70.84,51.0,85.66621466126297,34.66621466126297,41,41,6,0.0,69.0,99.0,0.0,2573.0,139.97,31.0,0,330,compute
2026-05-10T13-18-18Z_M1_T2_Cd_bands_dos,M1_T2_Cd_bands_dos,done,0.6,0.0388170131771596,1342415,21672,1308288,34127,48,100,1214.32,794.6305756103247,794.6305756103247,418.96999999999986,406.87,83.94,77.19999999999999,407.58942438967534,330.38942438967536,48,48,5,0.0,99.0,99.0,0.0,3693.0,137.12,31.0,0,486,compute
2026-05-10T13-21-09Z_M1_T2_CsCl_bands_dos,M1_T2_CsCl_bands_dos,done,0.4276,0.03143467057101025,571722,20544,545792,25930,22,100,1023.09,699.0125585841015,699.0125585841015,323.46,322.03000000000003,314.04,244.5,322.6474414158986,78.14744141589858,22,22,5,0.0,99.0,99.0,0.0,3693.0,136.84,31.0,0,408,compute
2026-05-10T13-24-18Z_M1_T2_GaN_bands_dos,M1_T2_GaN_bands_dos,done,0.554341,0.03687297218155198,1137246,17387,1097216,40030,36,100,975.43,634.1376500762999,634.1376500762999,340.68,334.45,253.67,310.20000000000005,335.0623499237,24.86234992369998,36,36,5,0.0,99.0,99.0,0.0,3693.0,136.82,31.0,0,390,compute
2026-05-10T13-34-33Z_M1_T2_GaP_bands_dos,M1_T2_GaP_bands_dos,done,0.825938,0.039083103953147874,800720,25120,768384,32336,30,100,1109.98,873.9840046223253,873.9840046223253,235.30999999999997,230.98000000000002,,0.0,231.66599537767476,231.66599537767476,30,30,0,0.0,98.0,99.0,0.0,3527.0,135.5,31.0,0,444,compute
2026-05-10T13-38-13Z_M1_T2_GaSb_bands_dos,M1_T2_GaSb_bands_dos,done,0.084493,0.04057010248901903,1175131,31340,1155072,20059,41,100,1846.39,1108.8384913168848,1108.8384913168848,736.8600000000001,,254.93,298.70000000000005,0.6915086831152166,-298.00849131688483,41,41,5,0.0,78.0,99.0,0.0,3527.0,147.48,31.0,0,738,compute
2026-05-10T13-38-34Z_M1_T2_Ga_bands_dos,M1_T2_Ga_bands_dos,done,0.6,0.06082430453879941,1703560,45381,1669760,33800,47,100,2498.14,1557.1913789128885,1557.1913789128885,940.23,798.12,430.02,529.2,798.8386210871114,269.63862108711135,47,47,5,0.0,74.0,99.0,0.0,3527.0,147.13,31.0,0,998,compute
2026-05-10T13-40-35Z_M1_T2_Ge_bands_dos,M1_T2_Ge_bands_dos,done,0.208232,0.04009862371888726,1580092,25958,1553664,26428,55,100,1536.42,955.0492460671812,955.0492460671812,580.6400000000001,446.38,76.91000000000001,62.300000000000004,447.11075393281874,384.8107539328188,55,55,5,0.0,98.0,99.0,0.0,3527.0,147.48,31.0,0,614,compute
2026-05-10T13-53-04Z_M1_T2_InP_bands_dos,M1_T2_InP_bands_dos,done,0.861128,0.027244773060029284,718555,18518,699392,19163,37,100,2266.32,659.8205669922754,659.8205669922754,1605.83,101.88999999999999,200.66,199.29999999999998,102.55943300772469,-96.74056699227526,37,37,4,0.0,70.0,99.0,0.0,3353.0,148.81,31.0,0,906,compute
2026-05-10T14-06-12Z_M1_T2_KBr_bands_dos,M1_T2_KBr_bands_dos,done,0.6228,0.033842693997071745,912128,25648,893824,18304,32,100,2154.56,879.511904399842,879.511904399842,1274.39,372.26,249.01,159.20000000000002,372.9180956001578,213.71809560015777,32,32,5,0.0,98.0,99.0,0.0,47736.0,147.41,31.0,0,860,compute
2026-05-10T14-09-01Z_M1_T2_KF_bands_dos,M1_T2_KF_bands_dos,done,0.35,0.05068430453879941,2039437,34023,2008832,30605,74,100,1477.97,1241.3289859993383,1241.3289859993383,235.83,234.30999999999997,118.67999999999998,110.10000000000001,235.12101400066166,125.02101400066165,74,74,6,0.0,67.0,99.0,2.0,2321.0,149.39,31.0,0,590,compute
2026-05-10T14-20-13Z_M1_T2_LiAlO2_bands_dos,M1_T2_LiAlO2_bands_dos,done,0.35,0.035629399707174235,962036,22466,933632,28404,34,100,964.26,782.3892406160012,782.3892406160012,181.15,178.53,172.0,156.6,179.2507593839988,22.650759383998803,34,34,5,0.0,73.0,99.0,4.0,37220.0,163.72,31.0,0,386,compute
2026-05-10T14-30-51Z_M1_T2_LiBr_bands_dos,M1_T2_LiBr_bands_dos,cancelled,,0.03670723279648609,1283472,21832,1254016,29456,45,100,9515.76797580719,785.1315880566835,785.1315880566835,5967.99,4465.09,66932.52,7512192.500000003,7227.736387750507,-7504964.763612253,45,45,4,3.0,99.0,99.0,0.0,49654.0,135.64,31.0,0,3328,compute
2026-05-10T14-33-40Z_M1_T2_LiCl_bands_dos,M1_T2_LiCl_bands_dos,done,0.1,0.03376269399707174,707808,27630,691968,15840,34,100,1146.93,945.79932269454,945.79932269454,200.45999999999995,186.63,158.14,102.89999999999999,187.30067730546008,84.40067730546009,34,34,5,0.0,99.0,99.0,0.0,49370.0,135.49,31.0,0,458,compute
2026-05-10T14-36-19Z_M1_T2_LiF_bands_dos,M1_T2_LiF_bands_dos,done,0.616471,0.06677346998535871,2638920,34071,2576512,62408,51,100,6203.1,1207.417436462827,1207.417436462827,4994.91,3792.1400000000003,1559.11,1462.1,3792.912563537174,2330.812563537174,51,51,9,3.0,99.0,99.0,0.0,49370.0,135.75,31.0,0,2012,compute
2026-05-10T14-42-09Z_M1_T2_Li_bands_dos,M1_T2_Li_bands_dos,done,0.25,0.0343315373352855,1146864,23013,1124096,22768,46,100,9257.18,817.3876384999603,817.3876384999603,8439.08,8420.789999999999,3579.44,3558.1,8421.50236150004,4863.402361500039,46,46,5,3.0,99.0,99.0,0.0,49654.0,135.65,31.0,0,3226,compute
2026-05-10T14-52-49Z_M1_T2_MgO_bands_dos,M1_T2_MgO_bands_dos,done,0.35,0.034787906295754026,816655,19181,782336,34319,31,100,1469.69,687.2668211841956,687.2668211841956,781.7900000000002,778.21,655.29,577.8,778.8431788158043,201.04317881580437,31,31,7,71.0,99.0,99.0,1.0,49266.0,135.76,31.0,0,588,compute
2026-05-10T15-17-20Z_M1_T2_NaBr_bands_dos,M1_T2_NaBr_bands_dos,done,0.4692,0.07359464128843338,3129405,45573,3078656,50749,70,100,7033.28,1592.470631254837,1592.470631254837,5440.039999999999,5405.65,1014.3,906.0999999999999,5406.419368745163,4500.319368745164,70,70,5,3.0,98.0,99.0,0.0,49654.0,135.62,31.0,0,2340,compute
2026-05-10T16-19-43Z_M1_T2_NaCl_bands_dos,M1_T2_NaCl_bands_dos,done,0.389397,0.07230749633967788,2515887,42990,2457728,58159,52,100,6661.72,1495.668134198524,1495.668134198524,5165.27,961.08,1510.57,1450.9,961.8618658014757,-489.0381341985244,52,52,6,3.0,99.0,99.0,1.0,49654.0,136.61,32.0,0,2656,compute
2026-05-10T17-09-28Z_M1_T2_NaF_bands_dos,M1_T2_NaF_bands_dos,done,0.55,0.03465344070278185,950205,25430,929920,20285,48,100,1031.8,889.6655642632395,889.6655642632395,141.42,138.29,109.45,66.6,139.00443573676046,72.40443573676046,48,48,6,0.0,68.0,99.0,0.0,3725.0,133.96,31.0,0,412,compute
2026-05-10T17-14-34Z_M1_T2_Na_bands_dos,M1_T2_Na_bands_dos,done,0.482,0.025881991215226937,796090,14756,773120,22970,39,100,1980.03,523.8070598347113,523.8070598347113,1455.5900000000001,1446.58,1436.8600000000001,1401.1999999999998,1447.2129401652885,46.01294016528868,39,39,7,0.0,99.0,99.0,1.0,3717.0,137.3,32.0,0,790,compute
2026-05-10T17-16-27Z_M1_T2_P_black_bands_dos,M1_T2_P_black_bands_dos,done,0.66972,0.05236020497803807,2011853,28271,1965568,46285,53,100,4597.04,973.1790048452094,973.1790048452094,3623.1499999999996,3614.97,1961.76,3733.4,3615.6809951547907,-117.71900484520938,53,53,7,0.0,99.0,99.0,2.0,3911.0,154.27,32.0,0,1836,compute
2026-05-10T17-26-41Z_M1_T2_Pd_bands_dos,M1_T2_Pd_bands_dos,done,0.547332,0.04482439238653002,1618477,24521,1578624,39853,44,100,3451.84,858.9242290416732,858.9242290416732,2592.23,2587.9300000000003,89.07,146.8,2588.615770958327,2441.815770958327,44,44,5,0.0,99.0,99.0,2.0,5298.0,155.9,32.0,0,1378,compute
2026-05-10T17-47-36Z_M1_T2_Pt_bands_dos,M1_T2_Pt_bands_dos,done,0.6,0.030423953147877013,998870,16148,969984,28886,40,100,1635.6,576.4255529865623,576.4255529865623,1058.49,1055.25,978.88,939.3,1055.9344470134376,116.6344470134377,40,40,5,0.0,99.0,99.0,2.0,5584.0,150.93,32.0,0,652,compute
2026-05-10T18-10-46Z_M1_T2_RbCl_bands_dos,M1_T2_RbCl_bands_dos,done,0.7072,0.04797379209370424,2149245,34169,2126080,23165,68,100,3518.03,1177.447943303734,1177.447943303734,2339.74,995.02,115.13000000000001,104.4,995.8620566962663,891.4620566962662,68,68,5,0.0,99.0,99.0,2.0,3911.0,149.26,32.0,0,1406,compute
2026-05-10T18-14-52Z_M1_T2_Rb_bands_dos,M1_T2_Rb_bands_dos,done,0.95595,0.040472093704245975,1192590,29988,1170176,22414,38,100,1774.47,1011.596811953932,1011.596811953932,762.18,757.1299999999999,743.13,722.6,757.8231880460679,35.22318804606789,38,38,5,0.0,99.0,99.0,2.0,3911.0,156.78,32.0,0,710,compute
2026-05-10T18-24-14Z_M1_T2_SiO2_alpha_quartz_bands_dos,M1_T2_SiO2_alpha_quartz_bands_dos,done,0.0,0.03713106881405563,1157170,24474,1131008,26162,48,100,4599.81,856.7614336293191,856.7614336293191,3742.31,3739.02,133.88,130.5,3739.7585663706814,3609.2585663706814,48,48,5,0.0,64.0,99.0,1.0,2181.0,139.1,32.0,0,1838,compute
2026-05-10T18-33-05Z_M1_T2_Si_bands_dos,M1_T2_Si_bands_dos,done,0.9864,0.03134360175695461,1055718,18029,1028992,26726,39,100,4693.11,630.5480523966253,630.5480523966253,4061.9100000000008,4058.7,76.14999999999999,40.3,4059.3519476033734,4019.0519476033733,39,39,5,0.0,59.0,70.0,0.0,1891.0,135.92,33.0,0,1874,underutilized
2026-05-10T18-44-28Z_M1_T2_Sn_alpha_bands_dos,M1_T2_Sn_alpha_bands_dos,done,0.503451,0.03121935578330893,836139,21180,814208,21931,35,100,810.9,718.2008148590103,718.2008148590103,92.03999999999999,80.25999999999999,61.370000000000005,56.8,80.9191851409897,24.1191851409897,35,35,5,0.0,52.0,63.0,1.0,1943.0,140.45,31.0,0,324,underutilized
2026-05-10T18-58-00Z_M1_T2_SrO_bands_dos,M1_T2_SrO_bands_dos,done,0.85,0.02943133235724744,798402,21131,780160,18242,37,100,1175.37,721.9208950810134,721.9208950810134,452.79999999999995,31.04,58.08,40.9,31.689104918986516,-9.210895081013462,37,37,5,0.0,4.0,70.0,0.0,1825.0,123.68,31.0,0,470,underutilized
2026-05-10T19-09-25Z_M1_T2_Sr_bands_dos,M1_T2_Sr_bands_dos,done,0.4252,0.04354181551976574,981643,34934,960384,21259,37,100,1424.29,1164.2693486036733,1164.2693486036733,259.3399999999999,256.46000000000004,248.95999999999998,46.400000000000006,257.1406513963268,210.7406513963268,37,37,5,0.0,0.0,67.0,0.0,1699.0,121.04,30.0,0,568,underutilized
2026-05-10T19-17-37Z_M1_T2_ZnS_bands_dos,M1_T2_ZnS_bands_dos,done,0.6156,0.04193906295754027,1556397,30444,1534592,21805,55,100,3843.96,1054.538141027093,1054.538141027093,2788.66,2785.2799999999997,93.09,56.00000000000001,2786.041858972907,2730.041858972907,55,55,5,0.0,64.0,83.0,26.0,6453.0,259.0,41.0,0,1534,compute
2026-05-10T19-33-10Z_M1_T2_ZnSe_bands_dos,M1_T2_ZnSe_bands_dos,done,0.6032,0.0340479355783309,897581,23889,875136,22445,40,100,917.41,826.8807258736342,826.8807258736342,89.83000000000001,87.31,79.71,52.9,88.00927412636574,35.10927412636574,40,40,5,0.0,0.0,61.0,0.0,1513.0,124.01,30.0,0,368,underutilized
2026-05-10T19-40-55Z_M1_T2_ZnTe_bands_dos,M1_T2_ZnTe_bands_dos,done,0.5056,0.06311112737920938,1671713,40425,1622400,49313,46,100,1581.7,1365.2156180972233,1365.2156180972233,215.81,213.2,114.69999999999999,108.30000000000001,213.8743819027767,105.57438190277668,46,46,5,0.0,60.0,71.0,25.0,6163.0,255.38,40.0,0,632,compute
2026-05-10T19-48-29Z_M2_T1_Ag2Se_naumannite_vc_relax,M2_T1_Ag2Se_naumannite_vc_relax,done,1.0,0.032118682284040995,1099503,13774,1062784,36719,39,100,809.14,515.2312161149457,515.2312161149457,293.1599999999999,290.2,287.88,286.6,290.94878388505435,4.348783885054331,39,39,2,0.0,63.0,71.0,28.0,6163.0,261.36,40.0,0,322,compute
2026-05-10T19-51-19Z_M2_T1_BaZn2Sb2_vc_relax,M2_T1_BaZn2Sb2_vc_relax,done,1.0,0.023086852122986827,546964,11806,522368,24596,31,100,798.59,413.03839733824134,413.03839733824134,384.89,381.93,377.73,376.3,382.5916026617587,6.291602661758702,31,31,1,0.0,62.0,71.0,28.0,6163.0,261.87,40.0,0,318,compute
2026-05-10T20-02-00Z_M2_T1_Bi12TiO20_sillenite_vc_relax,M2_T1_Bi12TiO20_sillenite_vc_relax,done,1.0,0.030579560761346998,651012,17244,621056,29956,26,100,791.12,593.4694504607469,593.4694504607469,197.01999999999998,195.70999999999998,,191.1,196.34054953925312,5.240549539253124,26,26,1,0.0,67.0,81.0,33.0,5893.0,280.47,39.0,0,316,compute
2026-05-10T20-04-39Z_M2_T1_CaTiO3_tet_vc_relax,M2_T1_CaTiO3_tet_vc_relax,done,1.0,0.015749428989751096,261847,10003,248064,13783,19,100,430.43,341.3034738013521,341.3034738013521,88.5,84.16000000000001,82.3,81.6,84.78652619864793,3.1865261986479396,19,19,1,0.0,68.0,81.0,33.0,5893.0,284.95,38.0,0,172,compute
2026-05-10T20-07-17Z_M2_T1_CdGa2O4_spinel_vc_relax,M2_T1_CdGa2O4_spinel_vc_relax,done,1.0,0.015396778916544656,241204,8626,225280,15924,17,100,359.94,292.41705071926117,292.41705071926117,66.88,65.23,,63.5,65.87294928073884,2.372949280738837,17,17,1,0.0,68.0,81.0,33.0,5893.0,280.47,38.0,0,144,compute
2026-05-10T20-11-50Z_M2_T1_CoSb3_vc_relax,M2_T1_CoSb3_vc_relax,done,1.0,0.014828199121522693,222381,8378,207104,15277,16,100,722.6,283.42944260686636,283.42944260686636,438.52,436.94,435.19,430.5,437.5905573931337,7.090557393133679,16,16,1,27.0,93.0,99.0,40.0,9115.0,300.23,41.0,0,288,compute
2026-05-10T20-13-19Z_M2_T1_CsPbI3_gamma_vc_relax,M2_T1_CsPbI3_gamma_vc_relax,done,1.0,0.01881218155197657,314214,10979,295808,18406,19,100,1100.94,371.89206345099956,371.89206345099956,728.38,726.14,722.28,717.7,726.8079365490005,9.107936549000442,19,19,1,37.0,98.0,99.0,36.0,9115.0,279.12,41.0,0,440,compute
2026-05-10T20-15-12Z_M2_T1_HfO2_monoclinic_vc_relax,M2_T1_HfO2_monoclinic_vc_relax,done,1.0,0.01598948755490483,247981,7245,227968,20013,16,100,787.62,256.12817110400647,256.12817110400647,530.8100000000001,529.58,528.09,526.2,530.2618288959935,4.061828895993472,16,16,1,40.0,98.0,99.0,37.0,9115.0,282.96,41.0,0,314,compute
2026-05-10T20-21-42Z_M2_T1_IrSb3_vc_relax,M2_T1_IrSb3_vc_relax,done,1.0,0.42103672035139095,22713674,13577,21965312,748362,44,100,2809.92,611.2536835055798,611.2536835055798,2197.94,905.12,2475.42,4077.3,905.8463164944201,-3171.45368350558,44,44,2,49.0,89.0,99.0,21.0,14002.0,219.77,38.0,0,1122,compute
2026-05-10T20-23-54Z_M2_T1_Li3PO4_gamma_vc_relax,M2_T1_Li3PO4_gamma_vc_relax,done,1.0,0.027786090775988287,625325,15674,598400,26925,28,100,2799.45,544.4058817913756,544.4058817913756,3050.8199999999997,3049.37,1788.54,1772.8000000000002,2253.5941182086244,480.79411820862424,28,28,3,49.0,86.0,99.0,21.0,14002.0,219.51,38.0,0,1118,compute
2026-05-10T20-28-21Z_M2_T1_LiAlSi2O6_spodumene_vc_relax,M2_T1_LiAlSi2O6_spodumene_vc_relax,done,1.0,0.025118067349926793,771560,13585,747776,23784,39,100,2316.89,476.1008074525744,476.1008074525744,1840.1000000000001,1838.6100000000001,806.23,801.9,1839.2991925474255,1037.3991925474254,39,39,1,49.0,75.0,99.0,20.0,14002.0,218.66,38.0,0,926,compute
2026-05-10T20-31-41Z_M2_T1_LiCoPO4_olivine_vc_relax,M2_T1_LiCoPO4_olivine_vc_relax,failed,,0.03880796486090776,1324502,20527,1287936,36566,50,100,3669.6645703315735,731.9011500729248,731.9011500729248,2937.03,2930.93,100.63,3809.0,2931.6634202586483,-877.3365797413517,50,50,4,48.0,92.0,99.0,19.0,15184.0,214.15,38.0,0,1466,compute
2026-05-10T21-06-59Z_M2_T1_LiFePO4_olivine_vc_relax,M2_T1_LiFePO4_olivine_vc_relax,done,0.281175,0.03974644216691068,1145665,22097,1108608,37057,37,100,2197.55,752.9930422315374,752.9930422315374,1443.9,1442.57,288.73,525.0,1443.2269577684626,918.2269577684626,37,37,2,41.0,96.0,99.0,22.0,15184.0,243.34,40.0,0,878,compute
2026-05-10T21-08-34Z_M2_T1_LiMnPO4_olivine_vc_relax,M2_T1_LiMnPO4_olivine_vc_relax,failed,,0.031846705710102494,456705,13849,415360,41345,18,100,1003.09,490.431038194336,490.431038194336,512.03,511.01,,504.7,511.63896180566405,6.938961805664064,18,18,1,48.0,97.0,99.0,13.0,15184.0,190.82,35.0,0,402,compute
2026-05-10T21-10-35Z_M2_T1_MgAl2O4_spinel_vc_relax,M2_T1_MgAl2O4_spinel_vc_relax,done,1.0,0.01675800878477306,264864,11737,252288,12576,19,100,657.48,400.66880223713815,400.66880223713815,256.18,255.03,250.04,245.5,255.66119776286186,10.16119776286186,19,19,2,48.0,96.0,99.0,13.0,14706.0,191.37,34.0,0,264,compute
2026-05-10T21-21-33Z_M2_T1_MgSiO3_bridgmanite_vc_relax,M2_T1_MgSiO3_bridgmanite_vc_relax,done,1.0,0.01996146412884334,423402,11513,404352,19050,26,100,607.8,400.8112694909796,400.8112694909796,206.29999999999998,205.07,193.41,188.7,205.75873050902035,17.058730509020364,26,26,3,41.0,99.0,99.0,15.0,15184.0,197.32,36.0,0,242,compute
2026-05-10T21-25-18Z_M2_T1_SiO2_coesite_vc_relax,M2_T1_SiO2_coesite_vc_relax,done,1.0,0.019745095168374818,316783,12597,299520,17263,21,100,685.83,424.83927424717695,424.83927424717695,260.34000000000003,258.46,254.58999999999997,253.3,259.11072575282304,5.810725752823032,21,21,2,21.0,95.0,99.0,18.0,15184.0,213.04,37.0,0,274,compute
2026-05-10T21-31-42Z_M2_T1_Sr3AlSb3_vc_relax,M2_T1_Sr3AlSb3_vc_relax,done,1.0,0.03352796486090776,976274,22221,952320,23954,42,100,2120.36,765.814602307044,765.814602307044,1353.8500000000001,1352.49,1642.41,1360.8,1353.185397692956,-7.614602307043924,42,42,2,47.0,83.0,99.0,38.0,16501.0,266.21,41.0,0,848,compute
2026-05-10T21-32-51Z_M2_T1_SrTiO3_tet_lowT_vc_relax,M2_T1_SrTiO3_tet_lowT_vc_relax,done,1.0,0.016810102489019034,240237,9449,222720,17517,16,100,1219.88,315.1111960327253,315.1111960327253,904.1300000000001,900.11,,914.1,900.7488039672747,-13.351196032725284,16,16,1,47.0,79.0,99.0,40.0,16387.0,269.71,40.0,0,488,compute
2026-05-10T21-36-44Z_M2_T1_Ti3O5_vc_relax,M2_T1_Ti3O5_vc_relax,done,1.0,0.0158295168374817,311926,9172,296704,15222,24,100,1639.82,322.64462314452976,322.64462314452976,1316.5,1315.56,410.84000000000003,409.6,1316.2353768554701,906.6353768554701,24,24,1,50.0,80.0,99.0,40.0,19837.0,270.9,41.0,0,654,compute
2026-05-10T21-43-37Z_M2_T1_WO3_roomT_vc_relax,M2_T1_WO3_roomT_vc_relax,failed,,0.08595830161054173,5209618,47637,5152128,57490,100,100,8061.13,1700.4878744147718,1700.4878744147718,6359.720000000002,5505.89,,435.6,5506.812125585227,5071.212125585226,100,100,1,42.0,82.0,99.0,29.0,12097.0,261.02,43.0,0,3220,compute
2026-05-10T21-53-12Z_M2_T1_YAlO3_YAP_vc_relax,M2_T1_YAlO3_YAP_vc_relax,done,1.0,0.035890248901903364,954142,16111,912256,41886,29,100,2554.96,569.0632094703615,569.0632094703615,1985.2199999999998,1984.83,182.84,1949.6,1985.5067905296387,35.90679052963878,29,29,3,51.0,94.0,99.0,22.0,15020.0,236.79,41.0,0,1020,compute
2026-05-10T22-04-06Z_M2_T1_ZnAl2O4_gahnite_vc_relax,M2_T1_ZnAl2O4_gahnite_vc_relax,done,1.0,0.01309493411420205,239694,7205,226176,13518,17,100,297.73,251.6323617482558,251.6323617482558,45.510000000000005,43.79,41.68,41.2,44.37763825174422,3.17763825174422,17,17,1,43.0,99.0,99.0,13.0,9405.0,204.45,34.0,0,118,compute
2026-05-10T22-07-03Z_M2_T1_ZrO2_baddeleyite_vc_relax,M2_T1_ZrO2_baddeleyite_vc_relax,done,1.0,0.014572210834553442,226553,9047,213248,13305,19,100,1015.65,319.16791076026857,319.16791076026857,695.8499999999999,694.16,687.77,684.7,694.7920892397315,10.092089239731422,19,19,1,52.0,97.0,99.0,20.0,9443.0,236.79,36.0,0,406,compute
2026-05-10T22-09-05Z_M2_T1_ZrSiO4_zircon_vc_relax,M2_T1_ZrSiO4_zircon_vc_relax,done,1.0,0.02792137628111274,969155,18129,949760,19395,48,100,2447.67,651.6576832160354,651.6576832160354,1795.28,1793.6999999999998,671.69,1050.3000000000002,1794.4323167839646,744.1323167839644,48,48,2,51.0,96.0,99.0,18.0,9443.0,219.71,37.0,0,978,compute
2026-05-10T22-24-00Z_M2_T2_Ag2Se_naumannite_bands_dos,M2_T2_Ag2Se_naumannite_bands_dos,done,0.4,0.047052298682284034,1728832,30142,1696128,32704,62,100,2992.12,1090.3061752356589,1090.3061752356589,1901.0200000000002,1897.3600000000001,440.44,892.1,1898.153824764341,1006.0538247643409,62,62,4,49.0,95.0,99.0,27.0,9443.0,260.09,43.0,0,1196,compute
2026-05-10T22-35-49Z_M2_T2_BaZn2Sb2_bands_dos,M2_T2_BaZn2Sb2_bands_dos,done,0.75,0.05395581259150806,1696905,37780,1663488,33417,48,100,13014.11,1291.6560618486255,1291.6560618486255,11721.679999999998,11717.08,1468.1,1831.3000000000002,11717.853938151376,9886.553938151377,48,48,5,35.0,79.0,99.0,29.0,11860.0,266.22,43.0,0,5198,compute
2026-05-10T22-49-55Z_M2_T2_Bi12TiO20_sillenite_bands_dos,M2_T2_Bi12TiO20_sillenite_bands_dos,done,0.05,0.06315221083455344,3052278,41849,3017344,34934,79,100,2806.14,1442.4598819734529,1442.4598819734529,1362.7900000000002,102.0,400.13,892.9,102.89011802654682,-790.0098819734532,79,79,5,32.0,73.0,99.0,32.0,10476.0,290.2,43.0,0,1122,compute
2026-05-10T23-13-55Z_M2_T2_CaTiO3_tet_bands_dos,M2_T2_CaTiO3_tet_bands_dos,done,0.4,0.04751027818448023,1191458,30569,1154048,37410,33,100,1870.22,1025.2163260774687,1025.2163260774687,844.3100000000001,840.7800000000001,451.11,429.59999999999997,841.4736739225314,411.8736739225314,33,33,5,25.0,64.0,78.0,28.0,10476.0,265.83,41.0,0,748,compute
2026-05-10T23-36-42Z_M2_T2_CdGa2O4_spinel_bands_dos,M2_T2_CdGa2O4_spinel_bands_dos,done,0.358,0.040158213762811125,1130031,23211,1094144,35887,35,100,1144.39,780.3078684164211,780.3078684164211,363.4,361.69,349.78999999999996,307.6,362.372131583579,54.77213158357898,35,35,5,27.0,63.0,73.0,20.0,5923.0,227.08,40.0,0,458,compute
2026-05-10T23-45-07Z_M2_T2_CoSb3_bands_dos,M2_T2_CoSb3_bands_dos,done,0.75,0.037416046852122985,1271588,23567,1243904,27684,38,100,2272.51,816.7376041552052,816.7376041552052,1455.0800000000002,1450.98,1138.93,969.7,1451.672395844795,481.97239584479485,38,38,5,30.0,68.0,85.0,34.0,10384.0,289.85,42.0,0,908,compute
2026-05-10T23-55-49Z_M2_T2_HfO2_monoclinic_bands_dos,M2_T2_HfO2_monoclinic_bands_dos,done,0.604,0.02683610541727672,620271,13502,591104,29167,26,100,1007.11,469.0851958375424,469.0851958375424,537.4000000000002,535.3000000000001,,0.0,535.9248041624575,535.9248041624575,26,26,2,27.0,66.0,85.0,35.0,12774.0,294.76,42.0,0,402,compute
2026-05-10T23-57-59Z_M2_T2_IrSb3_bands_dos,M2_T2_IrSb3_bands_dos,done,0.4,0.058882898975109815,1677095,42187,1641088,36007,43,100,7145.75,1458.6349975233898,1458.6349975233898,5686.430000000001,5683.700000000001,3449.8199999999997,3621.5,5684.38500247661,2062.8850024766098,43,43,8,39.0,80.0,88.0,30.0,11860.0,266.08,42.0,0,2854,compute
2026-05-11T00-12-37Z_M2_T2_LiAlSi2O6_spodumene_bands_dos,M2_T2_LiAlSi2O6_spodumene_bands_dos,done,0.843603,0.0398274084919473,1154116,22089,1116928,37188,36,100,1493.69,760.5882388744503,760.5882388744503,732.4599999999999,729.05,565.2299999999999,521.0,729.6917611255498,208.69176112554976,36,36,5,43.0,78.0,88.0,38.0,10366.0,309.41,42.0,0,598,compute
2026-05-11T00-23-00Z_M2_T2_LiCoPO4_olivine_bands_dos,M2_T2_LiCoPO4_olivine_bands_dos,done,0.0,0.04718734992679355,935950,34005,904064,31886,28,100,3006.04,1155.7036909740418,1155.7036909740418,1849.66,1847.0800000000002,1824.81,1672.5,1847.7563090259582,175.25630902595822,28,28,5,41.0,73.0,88.0,30.0,11858.0,269.67,42.0,0,1200,compute
2026-05-11T00-37-31Z_M2_T2_LiFePO4_olivine_bands_dos,M2_T2_LiFePO4_olivine_bands_dos,done,0.25,0.0808474084919473,3532527,57075,3491712,40815,80,100,3523.84,2005.2423793133348,2005.2423793133348,1517.7400000000002,1513.3,1049.52,942.1000000000001,1514.157620686665,572.0576206866649,80,80,5,41.0,80.0,88.0,27.0,18706.0,257.32,37.0,0,1408,compute
2026-05-11T01-13-08Z_M2_T2_LiMnPO4_olivine_bands_dos,M2_T2_LiMnPO4_olivine_bands_dos,done,0.0,0.07361273792093703,3693725,49224,3655040,38685,75,100,8637.57,1735.8713585911319,1735.8713585911319,6900.840000000001,234.54,3182.85,4566.5,235.39864140886675,-4331.101358591133,75,75,5,34.0,86.0,99.0,32.0,26592.0,276.97,46.0,0,3450,compute
2026-05-11T01-36-17Z_M2_T2_MgSiO3_bridgmanite_bands_dos,M2_T2_MgSiO3_bridgmanite_bands_dos,done,0.75,0.043513557833089314,1534550,30403,1508864,25686,50,100,1842.46,1073.3665964119136,1073.3665964119136,768.4,75.0,574.25,561.3,75.69340358808643,-485.60659641191353,50,50,5,35.0,81.0,86.0,28.0,11860.0,258.63,39.0,0,736,compute
2026-05-11T01-57-25Z_M2_T2_SiO2_coesite_bands_dos,M2_T2_SiO2_coesite_bands_dos,done,0.25,0.035871303074670575,1423257,21309,1395840,27417,54,100,2470.7,797.5021137762815,797.5021137762815,1672.48,1666.94,1225.19,1319.4,1667.6578862237184,348.2578862237183,54,54,7,31.0,89.0,99.0,37.0,17041.0,298.38,45.0,0,988,compute
2026-05-11T02-07-00Z_M2_T2_Sr3AlSb3_bands_dos,M2_T2_Sr3AlSb3_bands_dos,done,0.8,0.052189311859443636,1698763,31286,1656320,42443,47,100,5994.38,1098.7936380188912,1098.7936380188912,4894.849999999999,4892.969999999999,2783.54,2841.2999999999997,4893.706361981109,2052.406361981109,47,47,5,33.0,90.0,99.0,36.0,26592.0,289.39,46.0,0,2394,compute
2026-05-11T02-12-44Z_M2_T2_SrTiO3_tet_lowT_bands_dos,M2_T2_SrTiO3_tet_lowT_bands_dos,done,0.557331,0.03517774524158126,1402010,20671,1374720,27290,58,100,14143.6,757.9030453264713,757.9030453264713,13384.94,62.6,2716.74,11416.5,63.35695467352889,-11353.143045326471,58,58,5,36.0,95.0,99.0,25.0,26313.0,243.51,46.0,0,5650,compute
2026-05-11T02-38-38Z_M2_T2_Ti3O5_bands_dos,M2_T2_Ti3O5_bands_dos,done,0.79725,0.04776483162518301,1587541,34197,1560192,27349,49,100,3468.28,1198.7177850678563,1198.7177850678563,2268.7799999999997,2034.68,1831.87,1799.3000000000002,2035.4622149321442,236.16221493214402,49,49,5,33.0,88.0,99.0,35.0,26592.0,288.62,46.0,0,1386,compute
2026-05-11T03-36-27Z_M2_T2_WO3_roomT_bands_dos,M2_T2_WO3_roomT_bands_dos,done,0.789653,0.03705715959004392,1112108,22867,1082496,29612,36,100,11000.37,793.6950869401917,793.6950869401917,10205.99,2104.31,4206.139999999999,8582.1,2104.994913059809,-6477.1050869401915,36,36,7,21.0,96.0,99.0,2.0,26313.0,140.28,32.0,0,4394,compute
2026-05-11T03-37-10Z_M2_T2_YAlO3_YAP_bands_dos,M2_T2_YAlO3_YAP_bands_dos,done,0.4644,0.06352957540263543,3125741,38994,3084800,40941,65,100,4798.87,1363.5681243799627,1363.5681243799627,3434.520000000001,2250.06,644.1500000000001,971.0,2250.8418756200363,1279.8418756200363,65,65,5,38.0,97.0,99.0,4.0,23689.0,141.62,32.0,0,1918,compute
2026-05-11T03-47-00Z_M2_T2_ZnAl2O4_gahnite_bands_dos,M2_T2_ZnAl2O4_gahnite_bands_dos,failed,,0.06538204978038067,4108343,40526,4074496,33847,100,100,1814.78,1456.3081021448597,1456.3081021448597,357.5400000000001,298.77000000000004,139.23000000000002,139.70000000000002,299.7018978551402,160.0018978551402,100,100,32,33.0,96.0,99.0,5.0,23689.0,142.2,32.0,0,726,compute
2026-05-11T04-17-16Z_M2_T2_ZrO2_baddeleyite_bands_dos,M2_T2_ZrO2_baddeleyite_bands_dos,done,0.65,0.0324792972181552,1026940,18098,997504,29436,39,100,5404.54,632.0504476055503,632.0504476055503,4771.76,,564.27,536.8,0.7295523944494562,-536.0704476055507,39,39,5,40.0,97.0,99.0,2.0,26313.0,140.51,32.0,0,2160,compute
2026-05-11T04-57-10Z_M2_T2_ZrSiO4_zircon_bands_dos,M2_T2_ZrSiO4_zircon_bands_dos,done,0.5536,0.02517756954612006,775912,16681,758272,17640,37,100,2592.2,612.98277748283,612.98277748283,1978.57,1972.59,1031.38,935.2,1973.2372225171698,1038.0372225171698,37,37,5,39.0,95.0,99.0,2.0,26313.0,139.66,31.0,0,1036,compute
2026-05-11T05-40-24Z_M1_T2_LiBr_bands_dos,M1_T2_LiBr_bands_dos,done,0.2708,0.03468125915080528,1542549,20919,1518080,24469,60,100,1277.09,768.6787463659421,768.6787463659421,507.6799999999999,504.22,602.03,167.0,504.951253634058,337.951253634058,60,60,5,17.0,96.0,99.0,2.0,26313.0,139.72,31.0,0,512,compute
2026-05-10T17-10-22Z_M1_T2_LiBr_bands_dos_pending_6eb099,M1_T2_LiBr_bands_dos,cancelled,,0.0,0,0,,,0,100,,,,0.0,,,0.0,,,0,0,0,,,,,,,,0,0,no_data
